-- 切换当前会话的容器
ALTER SESSION SET CONTAINER = XEPDB1;

-- 切换用户
ALTER SESSION SET CURRENT_SCHEMA = ORACLEDBA;

-- 禁用所有外键约束以方便插入数据
BEGIN
   FOR c IN (SELECT table_name, constraint_name FROM user_constraints WHERE constraint_type = 'R') LOOP
      EXECUTE IMMEDIATE 'ALTER TABLE "' || c.table_name || '" DISABLE CONSTRAINT "' || c.constraint_name || '"';
   END LOOP;
END;
/

--------------------------------------------------------
--  插入数据到 ACCOUNT 表
--------------------------------------------------------
-- 管理员 (1)
INSERT INTO ACCOUNT (ACCOUNT, PASSWORD, IDENTITY, USERNAME, AUTHORITY) VALUES ('admin', 'AdminPass2025!', '员工', '系统管理员', 1);
-- 经理 (2)
INSERT INTO ACCOUNT (ACCOUNT, PASSWORD, IDENTITY, USERNAME, AUTHORITY) VALUES ('manager_li', 'ManagerLi2025!', '员工', '李维', 2);
INSERT INTO ACCOUNT (ACCOUNT, PASSWORD, IDENTITY, USERNAME, AUTHORITY) VALUES ('manager_wang', 'ManagerWang2025!', '员工', '王秀芹', 2);
INSERT INTO ACCOUNT (ACCOUNT, PASSWORD, IDENTITY, USERNAME, AUTHORITY) VALUES ('manager_chen', 'ManagerChen2025!', '员工', '陈浩', 2);
-- 普通员工 (3)
INSERT INTO ACCOUNT (ACCOUNT, PASSWORD, IDENTITY, USERNAME, AUTHORITY) VALUES ('staff_zhangw', 'StaffPass1', '员工', '张伟', 3);
INSERT INTO ACCOUNT (ACCOUNT, PASSWORD, IDENTITY, USERNAME, AUTHORITY) VALUES ('staff_liuna', 'StaffPass2', '员工', '刘娜', 3);
INSERT INTO ACCOUNT (ACCOUNT, PASSWORD, IDENTITY, USERNAME, AUTHORITY) VALUES ('staff_wangqiang', 'StaffPass3', '员工', '王强', 3);
INSERT INTO ACCOUNT (ACCOUNT, PASSWORD, IDENTITY, USERNAME, AUTHORITY) VALUES ('staff_chenj', 'StaffPass4', '员工', '陈静', 3);
INSERT INTO ACCOUNT (ACCOUNT, PASSWORD, IDENTITY, USERNAME, AUTHORITY) VALUES ('staff_yangl', 'StaffPass5', '员工', '杨立', 3);
INSERT INTO ACCOUNT (ACCOUNT, PASSWORD, IDENTITY, USERNAME, AUTHORITY) VALUES ('staff_zhaom', 'StaffPass6', '员工', '赵敏', 3);
INSERT INTO ACCOUNT (ACCOUNT, PASSWORD, IDENTITY, USERNAME, AUTHORITY) VALUES ('staff_huangy', 'StaffPass7', '员工', '黄宇', 3);
INSERT INTO ACCOUNT (ACCOUNT, PASSWORD, IDENTITY, USERNAME, AUTHORITY) VALUES ('staff_zhoup', 'StaffPass8', '员工', '周平', 3);
INSERT INTO ACCOUNT (ACCOUNT, PASSWORD, IDENTITY, USERNAME, AUTHORITY) VALUES ('staff_wux', 'StaffPass9', '员工', '吴晓', 3);
INSERT INTO ACCOUNT (ACCOUNT, PASSWORD, IDENTITY, USERNAME, AUTHORITY) VALUES ('staff_sunq', 'StaffPass10', '员工', '孙倩', 3);
INSERT INTO ACCOUNT (ACCOUNT, PASSWORD, IDENTITY, USERNAME, AUTHORITY) VALUES ('staff_maoch', 'StaffPass11', '员工', '毛超', 3);
INSERT INTO ACCOUNT (ACCOUNT, PASSWORD, IDENTITY, USERNAME, AUTHORITY) VALUES ('staff_guoh', 'StaffPass12', '员工', '郭华', 3);
INSERT INTO ACCOUNT (ACCOUNT, PASSWORD, IDENTITY, USERNAME, AUTHORITY) VALUES ('staff_helen', 'StaffPass13', '员工', '何磊', 3);
INSERT INTO ACCOUNT (ACCOUNT, PASSWORD, IDENTITY, USERNAME, AUTHORITY) VALUES ('staff_gaom', 'StaffPass14', '员工', '高梅', 3);
INSERT INTO ACCOUNT (ACCOUNT, PASSWORD, IDENTITY, USERNAME, AUTHORITY) VALUES ('staff_liny', 'StaffPass15', '员工', '林毅', 3);
INSERT INTO ACCOUNT (ACCOUNT, PASSWORD, IDENTITY, USERNAME, AUTHORITY) VALUES ('staff_songy', 'StaffPass16', '员工', '宋阳', 3);
INSERT INTO ACCOUNT (ACCOUNT, PASSWORD, IDENTITY, USERNAME, AUTHORITY) VALUES ('staff_zhengl', 'StaffPass17', '员工', '郑磊', 3);
INSERT INTO ACCOUNT (ACCOUNT, PASSWORD, IDENTITY, USERNAME, AUTHORITY) VALUES ('staff_xiey', 'StaffPass18', '员工', '谢英', 3);
INSERT INTO ACCOUNT (ACCOUNT, PASSWORD, IDENTITY, USERNAME, AUTHORITY) VALUES ('staff_tangj', 'StaffPass19', '员工', '唐杰', 3);
INSERT INTO ACCOUNT (ACCOUNT, PASSWORD, IDENTITY, USERNAME, AUTHORITY) VALUES ('staff_caof', 'StaffPass20', '员工', '曹芳', 3);
INSERT INTO ACCOUNT (ACCOUNT, PASSWORD, IDENTITY, USERNAME, AUTHORITY) VALUES ('staff_pengs', 'StaffPass21', '员工', '彭帅', 3);

-- 商户账号 (4)
INSERT INTO ACCOUNT (ACCOUNT, PASSWORD, IDENTITY, USERNAME, AUTHORITY) VALUES ('merchant_nike', 'MerchantPass1', '商户', 'Nike代表', 4);
INSERT INTO ACCOUNT (ACCOUNT, PASSWORD, IDENTITY, USERNAME, AUTHORITY) VALUES ('merchant_apple', 'MerchantPass2', '商户', 'Apple代表', 4);
INSERT INTO ACCOUNT (ACCOUNT, PASSWORD, IDENTITY, USERNAME, AUTHORITY) VALUES ('merchant_starbucks', 'MerchantPass3', '商户', 'Starbucks代表', 4);
INSERT INTO ACCOUNT (ACCOUNT, PASSWORD, IDENTITY, USERNAME, AUTHORITY) VALUES ('merchant_uniqlo', 'MerchantPass4', '商户', 'Uniqlo代表', 4);
INSERT INTO ACCOUNT (ACCOUNT, PASSWORD, IDENTITY, USERNAME, AUTHORITY) VALUES ('merchant_huawei_exp', 'MerchantPass5', '商户', '华为体验店代表', 4);
INSERT INTO ACCOUNT (ACCOUNT, PASSWORD, IDENTITY, USERNAME, AUTHORITY) VALUES ('merchant_mcd', 'MerchantPass6', '商户', 'McDonalds代表', 4);
INSERT INTO ACCOUNT (ACCOUNT, PASSWORD, IDENTITY, USERNAME, AUTHORITY) VALUES ('merchant_lego', 'MerchantPass7', '商户', 'Lego代表', 4);
INSERT INTO ACCOUNT (ACCOUNT, PASSWORD, IDENTITY, USERNAME, AUTHORITY) VALUES ('merchant_sephora', 'MerchantPass8', '商户', 'Sephora代表', 4);
INSERT INTO ACCOUNT (ACCOUNT, PASSWORD, IDENTITY, USERNAME, AUTHORITY) VALUES ('merchant_zara', 'MerchantPass9', '商户', 'Zara代表', 4);
INSERT INTO ACCOUNT (ACCOUNT, PASSWORD, IDENTITY, USERNAME, AUTHORITY) VALUES ('merchant_haidilao', 'MerchantPass10', '商户', 'Haidilao代表', 4);
INSERT INTO ACCOUNT (ACCOUNT, PASSWORD, IDENTITY, USERNAME, AUTHORITY) VALUES ('merchant_xiaomi', 'MerchantPass11', '商户', 'Xiaomi代表', 4);
INSERT INTO ACCOUNT (ACCOUNT, PASSWORD, IDENTITY, USERNAME, AUTHORITY) VALUES ('merchant_adidas', 'MerchantPass12', '商户', 'Adidas代表', 4);
INSERT INTO ACCOUNT (ACCOUNT, PASSWORD, IDENTITY, USERNAME, AUTHORITY) VALUES ('merchant_wanda', 'MerchantPass13', '商户', 'WandaCinema代表', 4);
INSERT INTO ACCOUNT (ACCOUNT, PASSWORD, IDENTITY, USERNAME, AUTHORITY) VALUES ('merchant_heytea', 'MerchantPass14', '商户', '喜茶代表', 4);
INSERT INTO ACCOUNT (ACCOUNT, PASSWORD, IDENTITY, USERNAME, AUTHORITY) VALUES ('merchant_sisyphe', 'MerchantPass15', '商户', '西西弗书店代表', 4);
INSERT INTO ACCOUNT (ACCOUNT, PASSWORD, IDENTITY, USERNAME, AUTHORITY) VALUES ('merchant_quanjude', 'MerchantPass16', '商户', '全聚德代表', 4);
INSERT INTO ACCOUNT (ACCOUNT, PASSWORD, IDENTITY, USERNAME, AUTHORITY) VALUES ('merchant_ctf', 'MerchantPass17', '商户', '周大福代表', 4);
INSERT INTO ACCOUNT (ACCOUNT, PASSWORD, IDENTITY, USERNAME, AUTHORITY) VALUES ('merchant_lancome', 'MerchantPass18', '商户', '兰蔻代表', 4);
INSERT INTO ACCOUNT (ACCOUNT, PASSWORD, IDENTITY, USERNAME, AUTHORITY) VALUES ('merchant_popmart', 'MerchantPass19', '商户', '泡泡玛特代表', 4);
INSERT INTO ACCOUNT (ACCOUNT, PASSWORD, IDENTITY, USERNAME, AUTHORITY) VALUES ('merchant_kfc', 'MerchantPass20', '商户', '肯德基代表', 4);
INSERT INTO ACCOUNT (ACCOUNT, PASSWORD, IDENTITY, USERNAME, AUTHORITY) VALUES ('merchant_dji', 'MerchantPass21', '商户', '大疆代表', 4);
INSERT INTO ACCOUNT (ACCOUNT, PASSWORD, IDENTITY, USERNAME, AUTHORITY) VALUES ('merchant_tomsworld', 'MerchantPass22', '商户', '汤姆熊代表', 4);
INSERT INTO ACCOUNT (ACCOUNT, PASSWORD, IDENTITY, USERNAME, AUTHORITY) VALUES ('merchant_columbia', 'MerchantPass23', '商户', '哥伦比亚代表', 4);
INSERT INTO ACCOUNT (ACCOUNT, PASSWORD, IDENTITY, USERNAME, AUTHORITY) VALUES ('merchant_arcteryx', 'MerchantPass24', '商户', '始祖鸟代表', 4);
INSERT INTO ACCOUNT (ACCOUNT, PASSWORD, IDENTITY, USERNAME, AUTHORITY) VALUES ('merchant_muji', 'MerchantPass25', '商户', '无印良品代表', 4);
INSERT INTO ACCOUNT (ACCOUNT, PASSWORD, IDENTITY, USERNAME, AUTHORITY) VALUES ('merchant_huawei_svc', 'MerchantPass26', '商户', '华为服务中心代表', 4);


--------------------------------------------------------
--  插入数据到 STAFF 表
--------------------------------------------------------
-- 管理员
INSERT INTO STAFF (STAFF_ID, STAFF_NAME, STAFF_SEX, STAFF_APARTMENT, STAFF_POSITION, STAFF_SALARY) VALUES (1, '系统管理员', '男', '管理员', '系统管理员', 30000);
-- 经理
INSERT INTO STAFF (STAFF_ID, STAFF_NAME, STAFF_SEX, STAFF_APARTMENT, STAFF_POSITION, STAFF_SALARY) VALUES (2, '李维', '男', '人事部', '人事经理', 18000);
INSERT INTO STAFF (STAFF_ID, STAFF_NAME, STAFF_SEX, STAFF_APARTMENT, STAFF_POSITION, STAFF_SALARY) VALUES (3, '王秀芹', '女', '销售部', '销售经理', 22000);
INSERT INTO STAFF (STAFF_ID, STAFF_NAME, STAFF_SEX, STAFF_APARTMENT, STAFF_POSITION, STAFF_SALARY) VALUES (4, '陈浩', '男', '活动部', '活动经理', 20000);
-- 员工
INSERT INTO STAFF (STAFF_ID, STAFF_NAME, STAFF_SEX, STAFF_APARTMENT, STAFF_POSITION, STAFF_SALARY) VALUES (101, '张伟', '男', '维修部', '高级电工', 9500);
INSERT INTO STAFF (STAFF_ID, STAFF_NAME, STAFF_SEX, STAFF_APARTMENT, STAFF_POSITION, STAFF_SALARY) VALUES (102, '刘娜', '女', '人事部', '招聘专员', 7500);
INSERT INTO STAFF (STAFF_ID, STAFF_NAME, STAFF_SEX, STAFF_APARTMENT, STAFF_POSITION, STAFF_SALARY) VALUES (103, '王强', '男', '安保部', '安保队长', 8800);
INSERT INTO STAFF (STAFF_ID, STAFF_NAME, STAFF_SEX, STAFF_APARTMENT, STAFF_POSITION, STAFF_SALARY) VALUES (104, '陈静', '女', '销售部', '客户代表', 11000);
INSERT INTO STAFF (STAFF_ID, STAFF_NAME, STAFF_SEX, STAFF_APARTMENT, STAFF_POSITION, STAFF_SALARY) VALUES (105, '杨立', '男', '维修部', '暖通工程师', 9200);
INSERT INTO STAFF (STAFF_ID, STAFF_NAME, STAFF_SEX, STAFF_APARTMENT, STAFF_POSITION, STAFF_SALARY) VALUES (106, '赵敏', '女', '活动部', '活动策划', 9800);
INSERT INTO STAFF (STAFF_ID, STAFF_NAME, STAFF_SEX, STAFF_APARTMENT, STAFF_POSITION, STAFF_SALARY) VALUES (107, '黄宇', '男', '安保部', '安保员', 6500);
INSERT INTO STAFF (STAFF_ID, STAFF_NAME, STAFF_SEX, STAFF_APARTMENT, STAFF_POSITION, STAFF_SALARY) VALUES (108, '周平', '男', '维修部', '弱电工程师', 8900);
INSERT INTO STAFF (STAFF_ID, STAFF_NAME, STAFF_SEX, STAFF_APARTMENT, STAFF_POSITION, STAFF_SALARY) VALUES (109, '吴晓', '女', '杂事部', '前台接待', 6800);
INSERT INTO STAFF (STAFF_ID, STAFF_NAME, STAFF_SEX, STAFF_APARTMENT, STAFF_POSITION, STAFF_SALARY) VALUES (110, '孙倩', '女', '销售部', '销售助理', 7200);
INSERT INTO STAFF (STAFF_ID, STAFF_NAME, STAFF_SEX, STAFF_APARTMENT, STAFF_POSITION, STAFF_SALARY) VALUES (111, '毛超', '男', '安保部', '中控员', 7000);
INSERT INTO STAFF (STAFF_ID, STAFF_NAME, STAFF_SEX, STAFF_APARTMENT, STAFF_POSITION, STAFF_SALARY) VALUES (112, '郭华', '男', '维修部', '维修工', 8000);
INSERT INTO STAFF (STAFF_ID, STAFF_NAME, STAFF_SEX, STAFF_APARTMENT, STAFF_POSITION, STAFF_SALARY) VALUES (113, '何磊', '男', '安保部', '安保员', 6500);
INSERT INTO STAFF (STAFF_ID, STAFF_NAME, STAFF_SEX, STAFF_APARTMENT, STAFF_POSITION, STAFF_SALARY) VALUES (114, '高梅', '女', '杂事部', '保洁主管', 6000);
INSERT INTO STAFF (STAFF_ID, STAFF_NAME, STAFF_SEX, STAFF_APARTMENT, STAFF_POSITION, STAFF_SALARY) VALUES (115, '林毅', '男', '维修部', '维修工', 8100);
INSERT INTO STAFF (STAFF_ID, STAFF_NAME, STAFF_SEX, STAFF_APARTMENT, STAFF_POSITION, STAFF_SALARY) VALUES (116, '宋阳', '男', '活动部', '现场执行', 8500);
INSERT INTO STAFF (STAFF_ID, STAFF_NAME, STAFF_SEX, STAFF_APARTMENT, STAFF_POSITION, STAFF_SALARY) VALUES (117, '郑磊', '男', '安保部', '安保员', 6500);
INSERT INTO STAFF (STAFF_ID, STAFF_NAME, STAFF_SEX, STAFF_APARTMENT, STAFF_POSITION, STAFF_SALARY) VALUES (118, '谢英', '女', '人事部', '薪酬专员', 7800);
INSERT INTO STAFF (STAFF_ID, STAFF_NAME, STAFF_SEX, STAFF_APARTMENT, STAFF_POSITION, STAFF_SALARY) VALUES (119, '唐杰', '男', '销售部', '渠道专员', 10500);
INSERT INTO STAFF (STAFF_ID, STAFF_NAME, STAFF_SEX, STAFF_APARTMENT, STAFF_POSITION, STAFF_SALARY) VALUES (120, '曹芳', '女', '杂事部', '行政助理', 7000);
INSERT INTO STAFF (STAFF_ID, STAFF_NAME, STAFF_SEX, STAFF_APARTMENT, STAFF_POSITION, STAFF_SALARY) VALUES (121, '彭帅', '男', '维修部', '电梯维保员', 9300);

--------------------------------------------------------
--  插入数据到 STAFF_ACCOUNT 表 (一一对应)
--------------------------------------------------------
INSERT INTO STAFF_ACCOUNT (ACCOUNT, STAFF_ID) VALUES ('admin', 1);
INSERT INTO STAFF_ACCOUNT (ACCOUNT, STAFF_ID) VALUES ('manager_li', 2);
INSERT INTO STAFF_ACCOUNT (ACCOUNT, STAFF_ID) VALUES ('manager_wang', 3);
INSERT INTO STAFF_ACCOUNT (ACCOUNT, STAFF_ID) VALUES ('manager_chen', 4);
INSERT INTO STAFF_ACCOUNT (ACCOUNT, STAFF_ID) VALUES ('staff_zhangw', 101);
INSERT INTO STAFF_ACCOUNT (ACCOUNT, STAFF_ID) VALUES ('staff_liuna', 102);
INSERT INTO STAFF_ACCOUNT (ACCOUNT, STAFF_ID) VALUES ('staff_wangqiang', 103);
INSERT INTO STAFF_ACCOUNT (ACCOUNT, STAFF_ID) VALUES ('staff_chenj', 104);
INSERT INTO STAFF_ACCOUNT (ACCOUNT, STAFF_ID) VALUES ('staff_yangl', 105);
INSERT INTO STAFF_ACCOUNT (ACCOUNT, STAFF_ID) VALUES ('staff_zhaom', 106);
INSERT INTO STAFF_ACCOUNT (ACCOUNT, STAFF_ID) VALUES ('staff_huangy', 107);
INSERT INTO STAFF_ACCOUNT (ACCOUNT, STAFF_ID) VALUES ('staff_zhoup', 108);
INSERT INTO STAFF_ACCOUNT (ACCOUNT, STAFF_ID) VALUES ('staff_wux', 109);
INSERT INTO STAFF_ACCOUNT (ACCOUNT, STAFF_ID) VALUES ('staff_sunq', 110);
INSERT INTO STAFF_ACCOUNT (ACCOUNT, STAFF_ID) VALUES ('staff_maoch', 111);
INSERT INTO STAFF_ACCOUNT (ACCOUNT, STAFF_ID) VALUES ('staff_guoh', 112);
INSERT INTO STAFF_ACCOUNT (ACCOUNT, STAFF_ID) VALUES ('staff_helen', 113);
INSERT INTO STAFF_ACCOUNT (ACCOUNT, STAFF_ID) VALUES ('staff_gaom', 114);
INSERT INTO STAFF_ACCOUNT (ACCOUNT, STAFF_ID) VALUES ('staff_liny', 115);
INSERT INTO STAFF_ACCOUNT (ACCOUNT, STAFF_ID) VALUES ('staff_songy', 116);
INSERT INTO STAFF_ACCOUNT (ACCOUNT, STAFF_ID) VALUES ('staff_zhengl', 117);
INSERT INTO STAFF_ACCOUNT (ACCOUNT, STAFF_ID) VALUES ('staff_xiey', 118);
INSERT INTO STAFF_ACCOUNT (ACCOUNT, STAFF_ID) VALUES ('staff_tangj', 119);
INSERT INTO STAFF_ACCOUNT (ACCOUNT, STAFF_ID) VALUES ('staff_caof', 120);
INSERT INTO STAFF_ACCOUNT (ACCOUNT, STAFF_ID) VALUES ('staff_pengs', 121);


--------------------------------------------------------
--  插入数据到 STORE 表
--------------------------------------------------------
INSERT INTO STORE (STORE_ID, STORE_NAME, STORE_STATUS, STORE_TYPE, TENANT_NAME, CONTACT_INFO, RENT_START, RENT_END) VALUES (1, 'Nike耐克', '正常营业', '企业连锁', '百丽体育', '13800138001', TO_DATE('2023-01-15', 'YYYY-MM-DD'), TO_DATE('2028-01-14', 'YYYY-MM-DD'));
INSERT INTO STORE (STORE_ID, STORE_NAME, STORE_STATUS, STORE_TYPE, TENANT_NAME, CONTACT_INFO, RENT_START, RENT_END) VALUES (2, 'Apple Store', '正常营业', '企业连锁', '苹果电脑贸易', '13800138002', TO_DATE('2022-08-01', 'YYYY-MM-DD'), TO_DATE('2027-07-31', 'YYYY-MM-DD'));
INSERT INTO STORE (STORE_ID, STORE_NAME, STORE_STATUS, STORE_TYPE, TENANT_NAME, CONTACT_INFO, RENT_START, RENT_END) VALUES (3, '星巴克', '正常营业', '企业连锁', '统一星巴克', '13800138003', TO_DATE('2021-05-20', 'YYYY-MM-DD'), TO_DATE('2026-05-19', 'YYYY-MM-DD'));
INSERT INTO STORE (STORE_ID, STORE_NAME, STORE_STATUS, STORE_TYPE, TENANT_NAME, CONTACT_INFO, RENT_START, RENT_END) VALUES (4, '优衣库', '正常营业', '企业连锁', '迅销集团', '13800138004', TO_DATE('2023-03-01', 'YYYY-MM-DD'), TO_DATE('2028-02-29', 'YYYY-MM-DD'));
INSERT INTO STORE (STORE_ID, STORE_NAME, STORE_STATUS, STORE_TYPE, TENANT_NAME, CONTACT_INFO, RENT_START, RENT_END) VALUES (5, '华为体验店', '正常营业', '企业连锁', '华为技术公司', '13800138005', TO_DATE('2024-01-01', 'YYYY-MM-DD'), TO_DATE('2029-12-31', 'YYYY-MM-DD'));
INSERT INTO STORE (STORE_ID, STORE_NAME, STORE_STATUS, STORE_TYPE, TENANT_NAME, CONTACT_INFO, RENT_START, RENT_END) VALUES (6, '麦当劳', '正常营业', '企业连锁', '金拱门中国', '13800138006', TO_DATE('2020-11-11', 'YYYY-MM-DD'), TO_DATE('2025-11-10', 'YYYY-MM-DD'));
INSERT INTO STORE (STORE_ID, STORE_NAME, STORE_STATUS, STORE_TYPE, TENANT_NAME, CONTACT_INFO, RENT_START, RENT_END) VALUES (7, '乐高旗舰店', '正常营业', '企业连锁', '乐高集团', '13800138007', TO_DATE('2023-06-01', 'YYYY-MM-DD'), TO_DATE('2028-05-31', 'YYYY-MM-DD'));
INSERT INTO STORE (STORE_ID, STORE_NAME, STORE_STATUS, STORE_TYPE, TENANT_NAME, CONTACT_INFO, RENT_START, RENT_END) VALUES (8, '丝芙兰', '正常营业', '企业连锁', '路威酩轩集团', '13800138008', TO_DATE('2022-09-10', 'YYYY-MM-DD'), TO_DATE('2027-09-09', 'YYYY-MM-DD'));
INSERT INTO STORE (STORE_ID, STORE_NAME, STORE_STATUS, STORE_TYPE, TENANT_NAME, CONTACT_INFO, RENT_START, RENT_END) VALUES (9, 'ZARA', '正常营业', '企业连锁', '爱特思集团', '13800138009', TO_DATE('2023-04-15', 'YYYY-MM-DD'), TO_DATE('2026-04-14', 'YYYY-MM-DD'));
INSERT INTO STORE (STORE_ID, STORE_NAME, STORE_STATUS, STORE_TYPE, TENANT_NAME, CONTACT_INFO, RENT_START, RENT_END) VALUES (10, '海底捞', '正常营业', '企业连锁', '海底捞国际', '13800138010', TO_DATE('2024-02-08', 'YYYY-MM-DD'), TO_DATE('2030-02-07', 'YYYY-MM-DD'));
INSERT INTO STORE (STORE_ID, STORE_NAME, STORE_STATUS, STORE_TYPE, TENANT_NAME, CONTACT_INFO, RENT_START, RENT_END) VALUES (11, '小米之家', '正常营业', '企业连锁', '小米通讯技术', '13800138011', TO_DATE('2023-10-01', 'YYYY-MM-DD'), TO_DATE('2028-09-30', 'YYYY-MM-DD'));
INSERT INTO STORE (STORE_ID, STORE_NAME, STORE_STATUS, STORE_TYPE, TENANT_NAME, CONTACT_INFO, RENT_START, RENT_END) VALUES (12, 'Adidas阿迪达斯', '正常营业', '企业连锁', '阿迪达斯体育', '13800138012', TO_DATE('2023-01-15', 'YYYY-MM-DD'), TO_DATE('2028-01-14', 'YYYY-MM-DD'));
INSERT INTO STORE (STORE_ID, STORE_NAME, STORE_STATUS, STORE_TYPE, TENANT_NAME, CONTACT_INFO, RENT_START, RENT_END) VALUES (13, '万达影城', '正常营业', '企业连锁', '万达电影', '13800138013', TO_DATE('2021-12-01', 'YYYY-MM-DD'), TO_DATE('2028-11-30', 'YYYY-MM-DD'));
INSERT INTO STORE (STORE_ID, STORE_NAME, STORE_STATUS, STORE_TYPE, TENANT_NAME, CONTACT_INFO, RENT_START, RENT_END) VALUES (14, '喜茶', '正常营业', '企业连锁', '深圳美西西', '13800138014', TO_DATE('2024-05-01', 'YYYY-MM-DD'), TO_DATE('2027-04-30', 'YYYY-MM-DD'));
INSERT INTO STORE (STORE_ID, STORE_NAME, STORE_STATUS, STORE_TYPE, TENANT_NAME, CONTACT_INFO, RENT_START, RENT_END) VALUES (15, '西西弗书店', '正常营业', '企业连锁', '西西弗文化', '13800138015', TO_DATE('2022-11-18', 'YYYY-MM-DD'), TO_DATE('2027-11-17', 'YYYY-MM-DD'));
INSERT INTO STORE (STORE_ID, STORE_NAME, STORE_STATUS, STORE_TYPE, TENANT_NAME, CONTACT_INFO, RENT_START, RENT_END) VALUES (16, '全聚德', '正常营业', '企业连锁', '全聚德集团', '13800138016', TO_DATE('2023-09-09', 'YYYY-MM-DD'), TO_DATE('2028-09-08', 'YYYY-MM-DD'));
INSERT INTO STORE (STORE_ID, STORE_NAME, STORE_STATUS, STORE_TYPE, TENANT_NAME, CONTACT_INFO, RENT_START, RENT_END) VALUES (17, '周大福', '正常营业', '企业连锁', '周大福珠宝', '13800138017', TO_DATE('2022-02-01', 'YYYY-MM-DD'), TO_DATE('2027-01-31', 'YYYY-MM-DD'));
INSERT INTO STORE (STORE_ID, STORE_NAME, STORE_STATUS, STORE_TYPE, TENANT_NAME, CONTACT_INFO, RENT_START, RENT_END) VALUES (18, '兰蔻', '正常营业', '企业连锁', '欧莱雅中国', '13800138018', TO_DATE('2023-08-08', 'YYYY-MM-DD'), TO_DATE('2028-08-07', 'YYYY-MM-DD'));
INSERT INTO STORE (STORE_ID, STORE_NAME, STORE_STATUS, STORE_TYPE, TENANT_NAME, CONTACT_INFO, RENT_START, RENT_END) VALUES (19, '泡泡玛特', '正常营业', '企业连锁', '泡泡玛特文化', '13800138019', TO_DATE('2024-03-15', 'YYYY-MM-DD'), TO_DATE('2029-03-14', 'YYYY-MM-DD'));
INSERT INTO STORE (STORE_ID, STORE_NAME, STORE_STATUS, STORE_TYPE, TENANT_NAME, CONTACT_INFO, RENT_START, RENT_END) VALUES (20, '肯德基', '正常营业', '企业连锁', '百胜中国', '13800138020', TO_DATE('2020-10-01', 'YYYY-MM-DD'), TO_DATE('2025-09-30', 'YYYY-MM-DD'));
INSERT INTO STORE (STORE_ID, STORE_NAME, STORE_STATUS, STORE_TYPE, TENANT_NAME, CONTACT_INFO, RENT_START, RENT_END) VALUES (21, '大疆创新', '正常营业', '企业连锁', '大疆创新科技', '13800138021', TO_DATE('2024-06-01', 'YYYY-MM-DD'), TO_DATE('2029-05-31', 'YYYY-MM-DD'));
INSERT INTO STORE (STORE_ID, STORE_NAME, STORE_STATUS, STORE_TYPE, TENANT_NAME, CONTACT_INFO, RENT_START, RENT_END) VALUES (22, '汤姆熊', '正常营业', '企业连锁', '汤姆熊娱乐', '13800138022', TO_DATE('2022-07-01', 'YYYY-MM-DD'), TO_DATE('2027-06-30', 'YYYY-MM-DD'));
INSERT INTO STORE (STORE_ID, STORE_NAME, STORE_STATUS, STORE_TYPE, TENANT_NAME, CONTACT_INFO, RENT_START, RENT_END) VALUES (23, '哥伦比亚', '正常营业', '企业连锁', '哥伦比亚运动', '13800138023', TO_DATE('2023-11-01', 'YYYY-MM-DD'), TO_DATE('2026-10-31', 'YYYY-MM-DD'));
INSERT INTO STORE (STORE_ID, STORE_NAME, STORE_STATUS, STORE_TYPE, TENANT_NAME, CONTACT_INFO, RENT_START, RENT_END) VALUES (24, '始祖鸟', '正常营业', '企业连锁', '亚玛芬体育', '13800138024', TO_DATE('2024-04-01', 'YYYY-MM-DD'), TO_DATE('2029-03-31', 'YYYY-MM-DD'));
INSERT INTO STORE (STORE_ID, STORE_NAME, STORE_STATUS, STORE_TYPE, TENANT_NAME, CONTACT_INFO, RENT_START, RENT_END) VALUES (25, '无印良品', '正常营业', '企业连锁', '无印良品上海', '13800138025', TO_DATE('2022-01-20', 'YYYY-MM-DD'), TO_DATE('2027-01-19', 'YYYY-MM-DD'));
-- 华为的第二家店
INSERT INTO STORE (STORE_ID, STORE_NAME, STORE_STATUS, STORE_TYPE, TENANT_NAME, CONTACT_INFO, RENT_START, RENT_END) VALUES (26, '华为服务中心', '正常营业', '企业连锁', '华为技术公司', '13800138005', TO_DATE('2024-08-01', 'YYYY-MM-DD'), TO_DATE('2029-07-31', 'YYYY-MM-DD'));


--------------------------------------------------------
--  插入数据到 STORE_ACCOUNT 表 (商户可有多个店面)
--------------------------------------------------------
INSERT INTO STORE_ACCOUNT (ACCOUNT, STORE_ID) VALUES ('merchant_nike', 1);
INSERT INTO STORE_ACCOUNT (ACCOUNT, STORE_ID) VALUES ('merchant_apple', 2);
INSERT INTO STORE_ACCOUNT (ACCOUNT, STORE_ID) VALUES ('merchant_starbucks', 3);
INSERT INTO STORE_ACCOUNT (ACCOUNT, STORE_ID) VALUES ('merchant_uniqlo', 4);
INSERT INTO STORE_ACCOUNT (ACCOUNT, STORE_ID) VALUES ('merchant_huawei_exp', 5);
INSERT INTO STORE_ACCOUNT (ACCOUNT, STORE_ID) VALUES ('merchant_mcd', 6);
INSERT INTO STORE_ACCOUNT (ACCOUNT, STORE_ID) VALUES ('merchant_lego', 7);
INSERT INTO STORE_ACCOUNT (ACCOUNT, STORE_ID) VALUES ('merchant_sephora', 8);
INSERT INTO STORE_ACCOUNT (ACCOUNT, STORE_ID) VALUES ('merchant_zara', 9);
INSERT INTO STORE_ACCOUNT (ACCOUNT, STORE_ID) VALUES ('merchant_haidilao', 10);
INSERT INTO STORE_ACCOUNT (ACCOUNT, STORE_ID) VALUES ('merchant_xiaomi', 11);
INSERT INTO STORE_ACCOUNT (ACCOUNT, STORE_ID) VALUES ('merchant_adidas', 12);
INSERT INTO STORE_ACCOUNT (ACCOUNT, STORE_ID) VALUES ('merchant_wanda', 13);
INSERT INTO STORE_ACCOUNT (ACCOUNT, STORE_ID) VALUES ('merchant_heytea', 14);
INSERT INTO STORE_ACCOUNT (ACCOUNT, STORE_ID) VALUES ('merchant_sisyphe', 15);
INSERT INTO STORE_ACCOUNT (ACCOUNT, STORE_ID) VALUES ('merchant_quanjude', 16);
INSERT INTO STORE_ACCOUNT (ACCOUNT, STORE_ID) VALUES ('merchant_ctf', 17);
INSERT INTO STORE_ACCOUNT (ACCOUNT, STORE_ID) VALUES ('merchant_lancome', 18);
INSERT INTO STORE_ACCOUNT (ACCOUNT, STORE_ID) VALUES ('merchant_popmart', 19);
INSERT INTO STORE_ACCOUNT (ACCOUNT, STORE_ID) VALUES ('merchant_kfc', 20);
INSERT INTO STORE_ACCOUNT (ACCOUNT, STORE_ID) VALUES ('merchant_dji', 21);
INSERT INTO STORE_ACCOUNT (ACCOUNT, STORE_ID) VALUES ('merchant_tomsworld', 22);
INSERT INTO STORE_ACCOUNT (ACCOUNT, STORE_ID) VALUES ('merchant_columbia', 23);
INSERT INTO STORE_ACCOUNT (ACCOUNT, STORE_ID) VALUES ('merchant_arcteryx', 24);
INSERT INTO STORE_ACCOUNT (ACCOUNT, STORE_ID) VALUES ('merchant_muji', 25);
INSERT INTO STORE_ACCOUNT (ACCOUNT, STORE_ID) VALUES ('merchant_huawei_svc', 26);


--------------------------------------------------------
--  插入数据到 AREA, RETAIL_AREA, EVENT_AREA, PARKING_LOT, OTHER_AREA
--------------------------------------------------------
-- 零售区域 (F1-F4)
INSERT INTO AREA (AREA_ID, ISEMPTY, AREA_SIZE, CATEGORY) VALUES (1001, 0, 300, 'RETAIL');
INSERT INTO RETAIL_AREA (AREA_ID, RENT_STATUS, BASE_RENT) VALUES (1001, '已出租', 50000);
INSERT INTO AREA (AREA_ID, ISEMPTY, AREA_SIZE, CATEGORY) VALUES (1002, 0, 450, 'RETAIL');
INSERT INTO RETAIL_AREA (AREA_ID, RENT_STATUS, BASE_RENT) VALUES (1002, '已出租', 75000);
INSERT INTO AREA (AREA_ID, ISEMPTY, AREA_SIZE, CATEGORY) VALUES (1003, 0, 80, 'RETAIL');
INSERT INTO RETAIL_AREA (AREA_ID, RENT_STATUS, BASE_RENT) VALUES (1003, '已出租', 18000);
INSERT INTO AREA (AREA_ID, ISEMPTY, AREA_SIZE, CATEGORY) VALUES (1004, 0, 350, 'RETAIL');
INSERT INTO RETAIL_AREA (AREA_ID, RENT_STATUS, BASE_RENT) VALUES (1004, '已出租', 52000);
INSERT INTO AREA (AREA_ID, ISEMPTY, AREA_SIZE, CATEGORY) VALUES (1005, 0, 280, 'RETAIL');
INSERT INTO RETAIL_AREA (AREA_ID, RENT_STATUS, BASE_RENT) VALUES (1005, '已出租', 48000);
INSERT INTO AREA (AREA_ID, ISEMPTY, AREA_SIZE, CATEGORY) VALUES (2001, 0, 150, 'RETAIL');
INSERT INTO RETAIL_AREA (AREA_ID, RENT_STATUS, BASE_RENT) VALUES (2001, '已出租', 25000);
INSERT INTO AREA (AREA_ID, ISEMPTY, AREA_SIZE, CATEGORY) VALUES (2002, 0, 220, 'RETAIL');
INSERT INTO RETAIL_AREA (AREA_ID, RENT_STATUS, BASE_RENT) VALUES (2002, '已出租', 38000);
INSERT INTO AREA (AREA_ID, ISEMPTY, AREA_SIZE, CATEGORY) VALUES (2003, 0, 180, 'RETAIL');
INSERT INTO RETAIL_AREA (AREA_ID, RENT_STATUS, BASE_RENT) VALUES (2003, '已出租', 30000);
INSERT INTO AREA (AREA_ID, ISEMPTY, AREA_SIZE, CATEGORY) VALUES (2004, 0, 400, 'RETAIL');
INSERT INTO RETAIL_AREA (AREA_ID, RENT_STATUS, BASE_RENT) VALUES (2004, '已出租', 60000);
INSERT INTO AREA (AREA_ID, ISEMPTY, AREA_SIZE, CATEGORY) VALUES (3001, 0, 800, 'RETAIL');
INSERT INTO RETAIL_AREA (AREA_ID, RENT_STATUS, BASE_RENT) VALUES (3001, '已出租', 120000);
INSERT INTO AREA (AREA_ID, ISEMPTY, AREA_SIZE, CATEGORY) VALUES (3002, 0, 200, 'RETAIL');
INSERT INTO RETAIL_AREA (AREA_ID, RENT_STATUS, BASE_RENT) VALUES (3002, '已出租', 32000);
INSERT INTO AREA (AREA_ID, ISEMPTY, AREA_SIZE, CATEGORY) VALUES (3003, 0, 310, 'RETAIL');
INSERT INTO RETAIL_AREA (AREA_ID, RENT_STATUS, BASE_RENT) VALUES (3003, '已出租', 51000);
INSERT INTO AREA (AREA_ID, ISEMPTY, AREA_SIZE, CATEGORY) VALUES (4001, 0, 2000, 'RETAIL');
INSERT INTO RETAIL_AREA (AREA_ID, RENT_STATUS, BASE_RENT) VALUES (4001, '已出租', 250000);
INSERT INTO AREA (AREA_ID, ISEMPTY, AREA_SIZE, CATEGORY) VALUES (1006, 0, 60, 'RETAIL');
INSERT INTO RETAIL_AREA (AREA_ID, RENT_STATUS, BASE_RENT) VALUES (1006, '已出租', 15000);
INSERT INTO AREA (AREA_ID, ISEMPTY, AREA_SIZE, CATEGORY) VALUES (2005, 0, 250, 'RETAIL');
INSERT INTO RETAIL_AREA (AREA_ID, RENT_STATUS, BASE_RENT) VALUES (2005, '已出租', 40000);
INSERT INTO AREA (AREA_ID, ISEMPTY, AREA_SIZE, CATEGORY) VALUES (3004, 0, 700, 'RETAIL');
INSERT INTO RETAIL_AREA (AREA_ID, RENT_STATUS, BASE_RENT) VALUES (3004, '已出租', 110000);
INSERT INTO AREA (AREA_ID, ISEMPTY, AREA_SIZE, CATEGORY) VALUES (1007, 0, 120, 'RETAIL');
INSERT INTO RETAIL_AREA (AREA_ID, RENT_STATUS, BASE_RENT) VALUES (1007, '已出租', 22000);
INSERT INTO AREA (AREA_ID, ISEMPTY, AREA_SIZE, CATEGORY) VALUES (1008, 0, 130, 'RETAIL');
INSERT INTO RETAIL_AREA (AREA_ID, RENT_STATUS, BASE_RENT) VALUES (1008, '已出租', 23000);
INSERT INTO AREA (AREA_ID, ISEMPTY, AREA_SIZE, CATEGORY) VALUES (2006, 0, 100, 'RETAIL');
INSERT INTO RETAIL_AREA (AREA_ID, RENT_STATUS, BASE_RENT) VALUES (2006, '已出租', 19000);
INSERT INTO AREA (AREA_ID, ISEMPTY, AREA_SIZE, CATEGORY) VALUES (2007, 0, 160, 'RETAIL');
INSERT INTO RETAIL_AREA (AREA_ID, RENT_STATUS, BASE_RENT) VALUES (2007, '已出租', 26000);
INSERT INTO AREA (AREA_ID, ISEMPTY, AREA_SIZE, CATEGORY) VALUES (1009, 0, 190, 'RETAIL');
INSERT INTO RETAIL_AREA (AREA_ID, RENT_STATUS, BASE_RENT) VALUES (1009, '已出租', 31000);
INSERT INTO AREA (AREA_ID, ISEMPTY, AREA_SIZE, CATEGORY) VALUES (3005, 0, 500, 'RETAIL');
INSERT INTO RETAIL_AREA (AREA_ID, RENT_STATUS, BASE_RENT) VALUES (3005, '已出租', 80000);
INSERT INTO AREA (AREA_ID, ISEMPTY, AREA_SIZE, CATEGORY) VALUES (2008, 0, 230, 'RETAIL');
INSERT INTO RETAIL_AREA (AREA_ID, RENT_STATUS, BASE_RENT) VALUES (2008, '已出租', 37000);
INSERT INTO AREA (AREA_ID, ISEMPTY, AREA_SIZE, CATEGORY) VALUES (2009, 0, 260, 'RETAIL');
INSERT INTO RETAIL_AREA (AREA_ID, RENT_STATUS, BASE_RENT) VALUES (2009, '已出租', 42000);
INSERT INTO AREA (AREA_ID, ISEMPTY, AREA_SIZE, CATEGORY) VALUES (1010, 0, 240, 'RETAIL');
INSERT INTO RETAIL_AREA (AREA_ID, RENT_STATUS, BASE_RENT) VALUES (1010, '已出租', 39000);
INSERT INTO AREA (AREA_ID, ISEMPTY, AREA_SIZE, CATEGORY) VALUES (4002, 0, 150, 'RETAIL');
INSERT INTO RETAIL_AREA (AREA_ID, RENT_STATUS, BASE_RENT) VALUES (4002, '已出租', 28000);
-- 备用零售区
INSERT INTO AREA (AREA_ID, ISEMPTY, AREA_SIZE, CATEGORY) VALUES (1099, 1, 100, 'RETAIL');
INSERT INTO RETAIL_AREA (AREA_ID, RENT_STATUS, BASE_RENT) VALUES (1099, '未出租', 18000);

-- 事件/活动区域 (F1, F5)
INSERT INTO AREA (AREA_ID, ISEMPTY, AREA_SIZE, CATEGORY) VALUES (1050, 1, 1000, 'EVENT');
INSERT INTO EVENT_AREA (AREA_ID, CAPACITY, AREA_FEE) VALUES (1050, 800, 20000);
INSERT INTO AREA (AREA_ID, ISEMPTY, AREA_SIZE, CATEGORY) VALUES (5001, 1, 2500, 'EVENT');
INSERT INTO EVENT_AREA (AREA_ID, CAPACITY, AREA_FEE) VALUES (5001, 2000, 50000);
INSERT INTO AREA (AREA_ID, ISEMPTY, AREA_SIZE, CATEGORY) VALUES (5002, 1, 500, 'EVENT');
INSERT INTO EVENT_AREA (AREA_ID, CAPACITY, AREA_FEE) VALUES (5002, 300, 8000);

-- 停车场区域 (B2)
INSERT INTO AREA (AREA_ID, ISEMPTY, AREA_SIZE, CATEGORY) VALUES (-2001, 0, 5000, 'PARKING');
INSERT INTO PARKING_LOT (AREA_ID, PARKING_FEE) VALUES (-2001, 10);
INSERT INTO AREA (AREA_ID, ISEMPTY, AREA_SIZE, CATEGORY) VALUES (-2002, 0, 6000, 'PARKING');
INSERT INTO PARKING_LOT (AREA_ID, PARKING_FEE) VALUES (-2002, 10);

-- 其他区域 (卫生间，杂物间，设备间等)
-- -1层卫生间
INSERT INTO AREA (AREA_ID, ISEMPTY, AREA_SIZE, CATEGORY) VALUES (-1065, 0, 50, 'OTHER'); 
INSERT INTO OTHER_AREA (AREA_ID, TYPE) VALUES (-1065, '卫生间');
-- 1层卫生间
INSERT INTO AREA (AREA_ID, ISEMPTY, AREA_SIZE, CATEGORY) VALUES (1065, 0, 50, 'OTHER'); 
INSERT INTO OTHER_AREA (AREA_ID, TYPE) VALUES (1065, '卫生间');
-- 2层卫生间
INSERT INTO AREA (AREA_ID, ISEMPTY, AREA_SIZE, CATEGORY) VALUES (2065, 0, 50, 'OTHER'); 
INSERT INTO OTHER_AREA (AREA_ID, TYPE) VALUES (2065, '卫生间');
-- 3层卫生间
INSERT INTO AREA (AREA_ID, ISEMPTY, AREA_SIZE, CATEGORY) VALUES (3065, 0, 50, 'OTHER'); 
INSERT INTO OTHER_AREA (AREA_ID, TYPE) VALUES (3065, '卫生间');
-- 4层卫生间
INSERT INTO AREA (AREA_ID, ISEMPTY, AREA_SIZE, CATEGORY) VALUES (4065, 0, 50, 'OTHER'); 
INSERT INTO OTHER_AREA (AREA_ID, TYPE) VALUES (4065, '卫生间');
-- 1层杂物间
INSERT INTO AREA (AREA_ID, ISEMPTY, AREA_SIZE, CATEGORY) VALUES (1034, 0, 30, 'OTHER'); 
INSERT INTO OTHER_AREA (AREA_ID, TYPE) VALUES (1034, '杂物间');
-- 5层中央空调机房
INSERT INTO AREA (AREA_ID, ISEMPTY, AREA_SIZE, CATEGORY) VALUES (5030, 0, 100, 'OTHER'); 
INSERT INTO OTHER_AREA (AREA_ID, TYPE) VALUES (5030, '设备间');
-- -1层电梯机房
INSERT INTO AREA (AREA_ID, ISEMPTY, AREA_SIZE, CATEGORY) VALUES (-1030, 0, 80, 'OTHER'); 
INSERT INTO OTHER_AREA (AREA_ID, TYPE) VALUES (-1030, '设备间');
-- -2层水泵房
INSERT INTO AREA (AREA_ID, ISEMPTY, AREA_SIZE, CATEGORY) VALUES (-2030, 0, 40, 'OTHER'); 
INSERT INTO OTHER_AREA (AREA_ID, TYPE) VALUES (-2030, '设备间');


--------------------------------------------------------
--  插入数据到 RENT_STORE 表 (关联店铺和零售区域)
--------------------------------------------------------
INSERT INTO RENT_STORE (STORE_ID, AREA_ID) VALUES (1, 1001);
INSERT INTO RENT_STORE (STORE_ID, AREA_ID) VALUES (2, 1002);
INSERT INTO RENT_STORE (STORE_ID, AREA_ID) VALUES (3, 1003);
INSERT INTO RENT_STORE (STORE_ID, AREA_ID) VALUES (4, 1004);
INSERT INTO RENT_STORE (STORE_ID, AREA_ID) VALUES (5, 1005);
INSERT INTO RENT_STORE (STORE_ID, AREA_ID) VALUES (6, 2001);
INSERT INTO RENT_STORE (STORE_ID, AREA_ID) VALUES (7, 2002);
INSERT INTO RENT_STORE (STORE_ID, AREA_ID) VALUES (8, 2003);
INSERT INTO RENT_STORE (STORE_ID, AREA_ID) VALUES (9, 2004);
INSERT INTO RENT_STORE (STORE_ID, AREA_ID) VALUES (10, 3001);
INSERT INTO RENT_STORE (STORE_ID, AREA_ID) VALUES (11, 3002);
INSERT INTO RENT_STORE (STORE_ID, AREA_ID) VALUES (12, 3003);
INSERT INTO RENT_STORE (STORE_ID, AREA_ID) VALUES (13, 4001);
INSERT INTO RENT_STORE (STORE_ID, AREA_ID) VALUES (14, 1006);
INSERT INTO RENT_STORE (STORE_ID, AREA_ID) VALUES (15, 2005);
INSERT INTO RENT_STORE (STORE_ID, AREA_ID) VALUES (16, 3004);
INSERT INTO RENT_STORE (STORE_ID, AREA_ID) VALUES (17, 1007);
INSERT INTO RENT_STORE (STORE_ID, AREA_ID) VALUES (18, 1008);
INSERT INTO RENT_STORE (STORE_ID, AREA_ID) VALUES (19, 2006);
INSERT INTO RENT_STORE (STORE_ID, AREA_ID) VALUES (20, 2007);
INSERT INTO RENT_STORE (STORE_ID, AREA_ID) VALUES (21, 1009);
INSERT INTO RENT_STORE (STORE_ID, AREA_ID) VALUES (22, 3005);
INSERT INTO RENT_STORE (STORE_ID, AREA_ID) VALUES (23, 2008);
INSERT INTO RENT_STORE (STORE_ID, AREA_ID) VALUES (24, 2009);
INSERT INTO RENT_STORE (STORE_ID, AREA_ID) VALUES (25, 1010);
INSERT INTO RENT_STORE (STORE_ID, AREA_ID) VALUES (26, 4002);

--------------------------------------------------------
--  插入数据到 PARKING_SPACE and PARKING_SPACE_DISTRIBUTION
--------------------------------------------------------
-- 停车场 -2001 (55个车位)
INSERT INTO PARKING_SPACE (PARKING_SPACE_ID, OCCUPIED) VALUES (2001001, 0);
INSERT INTO PARKING_SPACE_DISTRIBUTION(AREA_ID, PARKING_SPACE_ID) VALUES (-2001, 2001001);
-- 循环生成
BEGIN
  FOR i IN 2..55 LOOP
    INSERT INTO PARKING_SPACE (PARKING_SPACE_ID, OCCUPIED) VALUES (2001000+i, 0);
    INSERT INTO PARKING_SPACE_DISTRIBUTION(AREA_ID, PARKING_SPACE_ID) VALUES (-2001, 2001000+i);
  END LOOP;
END;
/
-- 停车场 -2002 (60个车位)
INSERT INTO PARKING_SPACE (PARKING_SPACE_ID, OCCUPIED) VALUES (2002001, 0);
INSERT INTO PARKING_SPACE_DISTRIBUTION(AREA_ID, PARKING_SPACE_ID) VALUES (-2002, 2002001);
-- 循环生成
BEGIN
  FOR i IN 2..60 LOOP
    INSERT INTO PARKING_SPACE (PARKING_SPACE_ID, OCCUPIED) VALUES (2002000+i, 0);
    INSERT INTO PARKING_SPACE_DISTRIBUTION(AREA_ID, PARKING_SPACE_ID) VALUES (-2002, 2002000+i);
  END LOOP;
END;
/

--------------------------------------------------------
--  插入数据到 CAR 表 (车辆历史记录)
--------------------------------------------------------
-- 插入55条车辆记录
INSERT INTO CAR (LICENSE_PLATE_NUMBER, PARK_START, PARK_END) VALUES ('京A88888', TO_DATE('2025-07-20 10:00:00', 'YYYY-MM-DD HH24:MI:SS'), TO_DATE('2025-07-20 12:30:00', 'YYYY-MM-DD HH24:MI:SS'));
INSERT INTO CAR (LICENSE_PLATE_NUMBER, PARK_START, PARK_END) VALUES ('沪B12345', TO_DATE('2025-07-20 11:25:00', 'YYYY-MM-DD HH24:MI:SS'), TO_DATE('2025-07-20 15:00:00', 'YYYY-MM-DD HH24:MI:SS'));
INSERT INTO CAR (LICENSE_PLATE_NUMBER, PARK_START, PARK_END) VALUES ('粤C67890', TO_DATE('2025-07-21 14:00:00', 'YYYY-MM-DD HH24:MI:SS'), TO_DATE('2025-07-21 18:45:00', 'YYYY-MM-DD HH24:MI:SS'));
INSERT INTO CAR (LICENSE_PLATE_NUMBER, PARK_START, PARK_END) VALUES ('苏E54321', TO_DATE('2025-07-21 19:00:00', 'YYYY-MM-DD HH24:MI:SS'), TO_DATE('2025-07-21 21:10:00', 'YYYY-MM-DD HH24:MI:SS'));
INSERT INTO CAR (LICENSE_PLATE_NUMBER, PARK_START, PARK_END) VALUES ('浙A09876', TO_DATE('2025-07-22 09:30:00', 'YYYY-MM-DD HH24:MI:SS'), TO_DATE('2025-07-22 17:20:00', 'YYYY-MM-DD HH24:MI:SS'));
-- ... (更多数据)
INSERT INTO CAR (LICENSE_PLATE_NUMBER, PARK_START, PARK_END) VALUES ('京A11111', TO_DATE('2025-07-23 10:00:00', 'YYYY-MM-DD HH24:MI:SS'), TO_DATE('2025-07-23 11:00:00', 'YYYY-MM-DD HH24:MI:SS'));
INSERT INTO CAR (LICENSE_PLATE_NUMBER, PARK_START, PARK_END) VALUES ('沪B22222', TO_DATE('2025-07-23 12:00:00', 'YYYY-MM-DD HH24:MI:SS'), TO_DATE('2025-07-23 14:00:00', 'YYYY-MM-DD HH24:MI:SS'));
INSERT INTO CAR (LICENSE_PLATE_NUMBER, PARK_START, PARK_END) VALUES ('粤C33333', TO_DATE('2025-07-23 15:00:00', 'YYYY-MM-DD HH24:MI:SS'), TO_DATE('2025-07-23 18:00:00', 'YYYY-MM-DD HH24:MI:SS'));
INSERT INTO CAR (LICENSE_PLATE_NUMBER, PARK_START, PARK_END) VALUES ('苏E44444', TO_DATE('2025-07-24 09:00:00', 'YYYY-MM-DD HH24:MI:SS'), TO_DATE('2025-07-24 10:30:00', 'YYYY-MM-DD HH24:MI:SS'));
INSERT INTO CAR (LICENSE_PLATE_NUMBER, PARK_START, PARK_END) VALUES ('浙A55555', TO_DATE('2025-07-24 11:00:00', 'YYYY-MM-DD HH24:MI:SS'), TO_DATE('2025-07-24 15:00:00', 'YYYY-MM-DD HH24:MI:SS'));
INSERT INTO CAR (LICENSE_PLATE_NUMBER, PARK_START, PARK_END) VALUES ('京A66666', TO_DATE('2025-07-24 16:00:00', 'YYYY-MM-DD HH24:MI:SS'), TO_DATE('2025-07-24 20:00:00', 'YYYY-MM-DD HH24:MI:SS'));
-- 循环生成
BEGIN
  FOR i IN 1..45 LOOP
    INSERT INTO CAR (LICENSE_PLATE_NUMBER, PARK_START, PARK_END) VALUES ('鲁A'||LPAD(i, 5, '0'), SYSDATE-i/24, SYSDATE-i/24+2/24);
  END LOOP;
END;
/

--------------------------------------------------------
--  插入数据到 EQUIPMENT 和 EQUIPMENT_LOCATION
--------------------------------------------------------
-- 电梯等公共设备 -> 其他区域
INSERT INTO EQUIPMENT(EQUIPMENT_ID, EQUIPMENT_TYPE, EQUIPMENT_STATUS, PORT, EQUIPMENT_COST, BUY_TIME) VALUES (101, '客运电梯', '运行中', 'ElevatorCtrl-A1', 800000, TO_DATE('2021-01-10', 'YYYY-MM-DD'));
INSERT INTO EQUIPMENT_LOCATION(EQUIPMENT_ID, AREA_ID) VALUES (101, -1030);
INSERT INTO EQUIPMENT(EQUIPMENT_ID, EQUIPMENT_TYPE, EQUIPMENT_STATUS, PORT, EQUIPMENT_COST, BUY_TIME) VALUES (102, '客运电梯', '运行中', 'ElevatorCtrl-A2', 800000, TO_DATE('2021-01-10', 'YYYY-MM-DD'));
INSERT INTO EQUIPMENT_LOCATION(EQUIPMENT_ID, AREA_ID) VALUES (102, -1030);
INSERT INTO EQUIPMENT(EQUIPMENT_ID, EQUIPMENT_TYPE, EQUIPMENT_STATUS, PORT, EQUIPMENT_COST, BUY_TIME) VALUES (103, '自动扶梯', '运行中', 'Escalator-F1-1', 500000, TO_DATE('2021-02-15', 'YYYY-MM-DD'));
INSERT INTO EQUIPMENT_LOCATION(EQUIPMENT_ID, AREA_ID) VALUES (103, 1034);
INSERT INTO EQUIPMENT(EQUIPMENT_ID, EQUIPMENT_TYPE, EQUIPMENT_STATUS, PORT, EQUIPMENT_COST, BUY_TIME) VALUES (104, '中央空调主机', '运行中', 'HVAC-Main-1', 2500000, TO_DATE('2020-12-01', 'YYYY-MM-DD'));
INSERT INTO EQUIPMENT_LOCATION(EQUIPMENT_ID, AREA_ID) VALUES (104, 5030);
INSERT INTO EQUIPMENT(EQUIPMENT_ID, EQUIPMENT_TYPE, EQUIPMENT_STATUS, PORT, EQUIPMENT_COST, BUY_TIME) VALUES (105, '消防水泵', '待机', 'FirePump-B2', 300000, TO_DATE('2020-11-20', 'YYYY-MM-DD'));
INSERT INTO EQUIPMENT_LOCATION(EQUIPMENT_ID, AREA_ID) VALUES (105, -2030);

-- 摄像头/广播等 -> 分布在各处
-- 1楼大厅
INSERT INTO EQUIPMENT(EQUIPMENT_ID, EQUIPMENT_TYPE, EQUIPMENT_STATUS, PORT, EQUIPMENT_COST, BUY_TIME) VALUES (201, '高清摄像头', '运行中', 'CAM-1F-Lobby', 8000, TO_DATE('2022-05-01', 'YYYY-MM-DD'));
INSERT INTO EQUIPMENT_LOCATION(EQUIPMENT_ID, AREA_ID) VALUES (201, 1050); 
-- 停车场入口
INSERT INTO EQUIPMENT(EQUIPMENT_ID, EQUIPMENT_TYPE, EQUIPMENT_STATUS, PORT, EQUIPMENT_COST, BUY_TIME) VALUES (202, '高清摄像头', '运行中', 'CAM-P2-Entry', 8000, TO_DATE('2022-05-01', 'YYYY-MM-DD'));
INSERT INTO EQUIPMENT_LOCATION(EQUIPMENT_ID, AREA_ID) VALUES (202, -2001); 
-- 3楼卫生间附近
INSERT INTO EQUIPMENT(EQUIPMENT_ID, EQUIPMENT_TYPE, EQUIPMENT_STATUS, PORT, EQUIPMENT_COST, BUY_TIME) VALUES (203, '公共广播音响', '待机', 'Audio-Sys-F3', 3000, TO_DATE('2021-03-01', 'YYYY-MM-DD'));
INSERT INTO EQUIPMENT_LOCATION(EQUIPMENT_ID, AREA_ID) VALUES (203, 3065); 

-- 店铺内设备
-- Apple Store
INSERT INTO EQUIPMENT(EQUIPMENT_ID, EQUIPMENT_TYPE, EQUIPMENT_STATUS, PORT, EQUIPMENT_COST, BUY_TIME) VALUES (301, '独立空调', '运行中', 'AC-Store-1002', 12000, TO_DATE('2022-08-01', 'YYYY-MM-DD'));
INSERT INTO EQUIPMENT_LOCATION(EQUIPMENT_ID, AREA_ID) VALUES (301, 1002); 
-- 海底捞
INSERT INTO EQUIPMENT(EQUIPMENT_ID, EQUIPMENT_TYPE, EQUIPMENT_STATUS, PORT, EQUIPMENT_COST, BUY_TIME) VALUES (302, '烟感报警器', '运行中', 'Smoke-3001', 500, TO_DATE('2024-02-08', 'YYYY-MM-DD'));
INSERT INTO EQUIPMENT_LOCATION(EQUIPMENT_ID, AREA_ID) VALUES (302, 3001); 
-- 星巴克
INSERT INTO EQUIPMENT(EQUIPMENT_ID, EQUIPMENT_TYPE, EQUIPMENT_STATUS, PORT, EQUIPMENT_COST, BUY_TIME) VALUES (303, 'POS机', '故障', 'POS-Store-1003', 3000, TO_DATE('2021-05-20', 'YYYY-MM-DD'));
INSERT INTO EQUIPMENT_LOCATION(EQUIPMENT_ID, AREA_ID) VALUES (303, 1003); 
-- 万达影城
INSERT INTO EQUIPMENT(EQUIPMENT_ID, EQUIPMENT_TYPE, EQUIPMENT_STATUS, PORT, EQUIPMENT_COST, BUY_TIME) VALUES (304, '投影设备', '维修中', 'Projector-4001', 50000, TO_DATE('2021-12-01', 'YYYY-MM-DD'));
INSERT INTO EQUIPMENT_LOCATION(EQUIPMENT_ID, AREA_ID) VALUES (304, 4001); 

--------------------------------------------------------
--  插入数据到 REPAIR_ORDER
--------------------------------------------------------
-- POS机故障，张伟维修中
INSERT INTO REPAIR_ORDER (EQUIPMENT_ID, STAFF_ID, REPAIR_START, REPAIR_END, REPAIR_COST) VALUES (303, 101, TO_DATE('2025-07-24', 'YYYY-MM-DD'), NULL, NULL); 
-- 投影设备，周平已修好
INSERT INTO REPAIR_ORDER (EQUIPMENT_ID, STAFF_ID, REPAIR_START, REPAIR_END, REPAIR_COST) VALUES (304, 108, TO_DATE('2025-07-22', 'YYYY-MM-DD'), TO_DATE('2025-07-23', 'YYYY-MM-DD'), 1500); 


--------------------------------------------------------
--  插入数据到 COLLABORATION (合作方)
--------------------------------------------------------
INSERT INTO COLLABORATION (COLLABORATION_ID, COLLABORATION_NAME, CONTACTOR, PHONE_NUMBER, EMAIL) VALUES (1, '可口可乐公司', '市场部王经理', '13901012345', 'market@cocacola.com');
INSERT INTO COLLABORATION (COLLABORATION_ID, COLLABORATION_NAME, CONTACTOR, PHONE_NUMBER, EMAIL) VALUES (2, '百事公司', '活动部李总监', '13802023456', 'events@pepsi.com');
INSERT INTO COLLABORATION (COLLABORATION_ID, COLLABORATION_NAME, CONTACTOR, PHONE_NUMBER, EMAIL) VALUES (3, '中国工商银行', '信用卡中心赵女士', '13703034567', 'creditcard@icbc.com.cn');
INSERT INTO COLLABORATION (COLLABORATION_ID, COLLABORATION_NAME, CONTACTOR, PHONE_NUMBER, EMAIL) VALUES (4, '抖音', '商业化孙先生', '13604045678', 'biz@douyin.com');
INSERT INTO COLLABORATION (COLLABORATION_ID, COLLABORATION_NAME, CONTACTOR, PHONE_NUMBER, EMAIL) VALUES (5, '梅赛德斯-奔驰', '品牌部陈经理', '13505056789', 'brand@mercedes-benz.com.cn');
INSERT INTO COLLABORATION (COLLABORATION_ID, COLLABORATION_NAME, CONTACTOR, PHONE_NUMBER, EMAIL) VALUES (6, '索尼互动娱乐', '市场部周小姐', '13406067890', 'marketing@sony.com');
INSERT INTO COLLABORATION (COLLABORATION_ID, COLLABORATION_NAME, CONTACTOR, PHONE_NUMBER, EMAIL) VALUES (7, '环球影业', '宣发部吴先生', '13307078901', 'pr@universalpictures.com');
INSERT INTO COLLABORATION (COLLABORATION_ID, COLLABORATION_NAME, CONTACTOR, PHONE_NUMBER, EMAIL) VALUES (8, '中国移动', '大客户部郑经理', '13908089012', 'vip@chinamobile.com');
INSERT INTO COLLABORATION (COLLABORATION_ID, COLLABORATION_NAME, CONTACTOR, PHONE_NUMBER, EMAIL) VALUES (9, '保时捷', '公关部何女士', '13209090123', 'pr@porsche.cn');
INSERT INTO COLLABORATION (COLLABORATION_ID, COLLABORATION_NAME, CONTACTOR, PHONE_NUMBER, EMAIL) VALUES (10, '哔哩哔哩', '线下活动部林先生', '13101011234', 'offline@bilibili.com');


--------------------------------------------------------
--  插入数据到 EVENT, SALE_EVENT, VENUE_EVENT
--------------------------------------------------------
-- 促销活动 (SALE_EVENT)
INSERT INTO EVENT (EVENT_ID, EVENT_NAME, EVENT_START, EVENT_END) VALUES (101, '夏季狂欢购物节', TO_DATE('2025-08-01', 'YYYY-MM-DD'), TO_DATE('2025-08-15', 'YYYY-MM-DD'));
INSERT INTO SALE_EVENT (EVENT_ID, COST, DESCRIPTION) VALUES (101, 50000, '全场参与商户夏季新品折扣，满500减50。');
INSERT INTO EVENT (EVENT_ID, EVENT_NAME, EVENT_START, EVENT_END) VALUES (102, '中秋美食嘉年华', TO_DATE('2025-09-15', 'YYYY-MM-DD'), TO_DATE('2025-09-21', 'YYYY-MM-DD'));
INSERT INTO SALE_EVENT (EVENT_ID, COST, DESCRIPTION) VALUES (102, 35000, '餐饮类商户推出中秋特别套餐，并有猜灯谜活动。');
INSERT INTO EVENT (EVENT_ID, EVENT_NAME, EVENT_START, EVENT_END) VALUES (103, '双十一数码风暴', TO_DATE('2025-11-01', 'YYYY-MM-DD'), TO_DATE('2025-11-11', 'YYYY-MM-DD'));
INSERT INTO SALE_EVENT (EVENT_ID, COST, DESCRIPTION) VALUES (103, 80000, '电子数码类产品年度最大折扣，联合品牌方提供独家优惠。');

-- 场地活动 (VENUE_EVENT)
INSERT INTO EVENT (EVENT_ID, EVENT_NAME, EVENT_START, EVENT_END) VALUES (201, '保时捷新款电车发布会', TO_DATE('2025-08-20', 'YYYY-MM-DD'), TO_DATE('2025-08-20', 'YYYY-MM-DD'));
INSERT INTO VENUE_EVENT (EVENT_ID, HEADCOUNT, FEE, CAPACITY, EXPENSE) VALUES (201, 300, 0, 800, 15000);
INSERT INTO EVENT (EVENT_ID, EVENT_NAME, EVENT_START, EVENT_END) VALUES (202, 'B站UP主粉丝见面会', TO_DATE('2025-09-05', 'YYYY-MM-DD'), TO_DATE('2025-09-07', 'YYYY-MM-DD'));
INSERT INTO VENUE_EVENT (EVENT_ID, HEADCOUNT, FEE, CAPACITY, EXPENSE) VALUES (202, 1500, 120, 2000, 25000);
INSERT INTO EVENT (EVENT_ID, EVENT_NAME, EVENT_START, EVENT_END) VALUES (203, '工商银行理财产品推介会', TO_DATE('2025-10-18', 'YYYY-MM-DD'), TO_DATE('2025-10-19', 'YYYY-MM-DD'));
INSERT INTO VENUE_EVENT (EVENT_ID, HEADCOUNT, FEE, CAPACITY, EXPENSE) VALUES (203, 250, 0, 300, 5000);

--------------------------------------------------------
--  插入数据到 PART_STORE (参与促销的店铺)
--------------------------------------------------------
-- 夏季购物节
-- Nike
INSERT INTO PART_STORE (EVENT_ID, STORE_ID) VALUES (101, 1); 
-- Uniqlo
INSERT INTO PART_STORE (EVENT_ID, STORE_ID) VALUES (101, 4); 
-- Sephora
INSERT INTO PART_STORE (EVENT_ID, STORE_ID) VALUES (101, 8); 
-- ZARA
INSERT INTO PART_STORE (EVENT_ID, STORE_ID) VALUES (101, 9); 
-- Adidas
INSERT INTO PART_STORE (EVENT_ID, STORE_ID) VALUES (101, 12); 
-- Columbia
INSERT INTO PART_STORE (EVENT_ID, STORE_ID) VALUES (101, 23); 
-- Arc'teryx
INSERT INTO PART_STORE (EVENT_ID, STORE_ID) VALUES (101, 24); 
-- MUJI
INSERT INTO PART_STORE (EVENT_ID, STORE_ID) VALUES (101, 25); 
-- 中秋美食节
-- Starbucks
INSERT INTO PART_STORE (EVENT_ID, STORE_ID) VALUES (102, 3); 
-- McDonald's
INSERT INTO PART_STORE (EVENT_ID, STORE_ID) VALUES (102, 6); 
-- Haidilao
INSERT INTO PART_STORE (EVENT_ID, STORE_ID) VALUES (102, 10); 
-- Heytea
INSERT INTO PART_STORE (EVENT_ID, STORE_ID) VALUES (102, 14); 
-- Quanjude
INSERT INTO PART_STORE (EVENT_ID, STORE_ID) VALUES (102, 16); 
-- KFC
INSERT INTO PART_STORE (EVENT_ID, STORE_ID) VALUES (102, 20); 
-- 数码风暴
-- Apple
INSERT INTO PART_STORE (EVENT_ID, STORE_ID) VALUES (103, 2); 
-- Huawei
INSERT INTO PART_STORE (EVENT_ID, STORE_ID) VALUES (103, 5); 
-- Xiaomi
INSERT INTO PART_STORE (EVENT_ID, STORE_ID) VALUES (103, 11); 
-- DJI
INSERT INTO PART_STORE (EVENT_ID, STORE_ID) VALUES (103, 21); 

--------------------------------------------------------
--  插入数据到 VENUE_EVENT_DETAIL
--------------------------------------------------------
INSERT INTO VENUE_EVENT_DETAIL (EVENT_ID, AREA_ID, COLLABORATION_ID, RENT_START, RENT_END, STATUS, FUNDING) VALUES (201, 1050, 9, TO_DATE('2025-08-19', 'YYYY-MM-DD'), TO_DATE('2025-08-21', 'YYYY-MM-DD'), '已预定', 200000);
INSERT INTO VENUE_EVENT_DETAIL (EVENT_ID, AREA_ID, COLLABORATION_ID, RENT_START, RENT_END, STATUS, FUNDING) VALUES (202, 5001, 10, TO_DATE('2025-09-04', 'YYYY-MM-DD'), TO_DATE('2025-09-08', 'YYYY-MM-DD'), '已预定', 500000);
INSERT INTO VENUE_EVENT_DETAIL (EVENT_ID, AREA_ID, COLLABORATION_ID, RENT_START, RENT_END, STATUS, FUNDING) VALUES (203, 5002, 3, TO_DATE('2025-10-18', 'YYYY-MM-DD'), TO_DATE('2025-10-19', 'YYYY-MM-DD'), '已预定', 50000);


--------------------------------------------------------
--  插入数据到 MONTH_SALARY_COST 和 SALARY_SLIP
--------------------------------------------------------
INSERT INTO MONTH_SALARY_COST (MONTH_TIME, TOTAL_COST) VALUES (TO_DATE('2025-06-01', 'YYYY-MM-DD'), 265400);
INSERT INTO MONTH_SALARY_COST (MONTH_TIME, TOTAL_COST) VALUES (TO_DATE('2025-07-01', 'YYYY-MM-DD'), 268800);
-- 6月工资条
INSERT INTO SALARY_SLIP (STAFF_ID, MONTH_TIME, ATD_COUNT, BONUS, FINE) VALUES (1, TO_DATE('2025-06-01', 'YYYY-MM-DD'), 22, 2000, 0);
INSERT INTO SALARY_SLIP (STAFF_ID, MONTH_TIME, ATD_COUNT, BONUS, FINE) VALUES (2, TO_DATE('2025-06-01', 'YYYY-MM-DD'), 22, 1500, 0);
INSERT INTO SALARY_SLIP (STAFF_ID, MONTH_TIME, ATD_COUNT, BONUS, FINE) VALUES (101, TO_DATE('2025-06-01', 'YYYY-MM-DD'), 21, 500, 200);
INSERT INTO SALARY_SLIP (STAFF_ID, MONTH_TIME, ATD_COUNT, BONUS, FINE) VALUES (102, TO_DATE('2025-06-01', 'YYYY-MM-DD'), 22, 300, 0);
INSERT INTO SALARY_SLIP (STAFF_ID, MONTH_TIME, ATD_COUNT, BONUS, FINE) VALUES (103, TO_DATE('2025-06-01', 'YYYY-MM-DD'), 22, 500, 0);
-- 7月工资条
INSERT INTO SALARY_SLIP (STAFF_ID, MONTH_TIME, ATD_COUNT, BONUS, FINE) VALUES (1, TO_DATE('2025-07-01', 'YYYY-MM-DD'), 23, 2000, 0);
INSERT INTO SALARY_SLIP (STAFF_ID, MONTH_TIME, ATD_COUNT, BONUS, FINE) VALUES (2, TO_DATE('2025-07-01', 'YYYY-MM-DD'), 23, 1800, 0);
INSERT INTO SALARY_SLIP (STAFF_ID, MONTH_TIME, ATD_COUNT, BONUS, FINE) VALUES (101, TO_DATE('2025-07-01', 'YYYY-MM-DD'), 23, 800, 0);
INSERT INTO SALARY_SLIP (STAFF_ID, MONTH_TIME, ATD_COUNT, BONUS, FINE) VALUES (102, TO_DATE('2025-07-01', 'YYYY-MM-DD'), 22, 300, 100);
INSERT INTO SALARY_SLIP (STAFF_ID, MONTH_TIME, ATD_COUNT, BONUS, FINE) VALUES (103, TO_DATE('2025-07-01', 'YYYY-MM-DD'), 23, 500, 0);

COMMIT;

-- 重新启用所有外键约束
BEGIN
   FOR c IN (SELECT table_name, constraint_name FROM user_constraints WHERE constraint_type = 'R') LOOP
      EXECUTE IMMEDIATE 'ALTER TABLE "' || c.table_name || '" ENABLE CONSTRAINT "' || c.constraint_name || '"';
   END LOOP;
END;
/